"Antwort ID","Datum Abgeschickt","Letzte Seite","Start-Sprache","Zufallsgeneratorstartwert","Datum gestartet","Datum letzte Aktivität","Bist du Teil eines externen oder eines internen Projektes?","Bitte gebe deinen persönlichen Code ein:","Ist Englisch eine deine Muttersprache bzw. einer deiner Muttersprachen?","Wie sicher bist du im Umgang mit der englischen Sprache?"," [Ich fühle mich meist ziemlich fröhlich.]"," [Meine Stimmung ist oft bedrückt.	]"," [Ich sehe im Allgemeinen mehr die Sonnenseiten des Lebens.]"," [Ich bin selten in wirklicher Hochstimmung.	]"," [Ich fühle mich meist so, als ob ich vor Freude übersprudeln würde.]"," [Ich halte mich für eine glückliche Person.	]"," [Verglichen mit meinen Freunden denke ich weniger optimistisch über das Leben.	]"," [Ich bin nicht so fröhlich wie die meisten Leute.	]"," [Meine Freunde scheinen oft zu glauben, dass ich unglücklich bin.	]"," [Manchmal pendelt meine Stimmung mehrmals zwischen glücklich und traurig in einer einzigen Woche.]"," [Verglichen mit meinen Freunden gehen meine Stimmungen weniger rauf und runter.]"," [Manchmal schwankt meine Stimmung sehr schnell hin und her.]"," [Meine Stimmungen sind sehr konsistent; sie ändern sich fast nie.]"," [Ich bin eine Person, die sich oft ändert.]"," [Ich bin weniger von meinen Stimmungen abhängig als die meisten Leute, die ich kenne.]"," [aktiv]"," [bekümmert]"," [interessiert	]"," [freudig erregt	]"," [verärgert	]"," [stark	]"," [schuldig	]"," [erschrocken]"," [feindselig	]"," [angeregt	]"," [stolz	]"," [gereizt	]"," [begeistert	]"," [beschämt	]"," [wach	]"," [nervös	]"," [entschlossen	]"," [aufmerksam	]"," [durcheinander	]"," [ängstlich	]"," [Soziales Umfeld ]"," [Gesundheit]"," [Studium]"," [Arbeit]"," [Sicherheit]"," [Wohnsituation]"," [Selbstbestimmtheit]"," [Selbstverwirklichung]"," [Finanzen]"," [ Very good example of steady pooling readHere.]"," [It does its job, but was built for our use case.]"," [The following is the error I keep getting.]"," [I don't know what else to do to make things to work.]"," [Hope this helps.]"," [If I still wasn't explicit enough: 9cc49763934a2ec3016b5bb882c3b8efd2265376 I can either submit a pull request or just forget it :)]"," [@timmywil Sounds good!]"," [i was afraid it'd do unimaginable things!]"," [OMG stupid me]"," [final class?]"," [The following code therefore, might be ( as I have not attempted using it ) a better one, if you are willing to use Mojarra specific classes.]"," [We ran into the same sort of problem with Flex and JPA/Hibernate.]"," [The data structure you are saving your data is not very optimal for the days with daylight saving time.]"," [Here's an example of a JSON structure.]"," [It dependes where it is exactly located.]"," [Most awesome! :+1:]"," [This is the only one that bothers me. If an old compilers fails to optimize a static `strlen`, that's ok, the code will run a bit slower... But if an old compiler fails to optimize this one, this will just not compile. We need to change this to a numeric]"," [That's what obfuscation does. We do our best to unobfuscate but only for class names. This is a mojang thing, not us.]"," [oh nice find, that's been bugging the crap out of me]"," [md5 not good enough for you?]"," [( Hopefully with a good example. )]"," [ Now we're getting to the good part.]"," [I have looked and found that there are some packages that would automatically enter my keyring on login but that isn't really an option.]"," [help!]"," [which someone converted to a JSON string as follows.]"," [Yay for improving consistency, +1]"," [lol :)]"," [Why was this reverted? :(]"," [I ended up using `strtotime()` as the various formats that I saw in the wild and in the specs resulted in icky code. However, strtotime() seems to be able to sort everything out.]"," [Is this good to go then?]","Was war für dich ausschlaggebend für die Verteilung der Labels?      [negativer/ neutraler/ positiver Inhalt (z.B. ""mir gefällt dein Code"" - positiv)]","Was war für dich ausschlaggebend für die Verteilung der Labels?      [negativer/ neutraler/ positiver Klang (z.B. ""Bitte nicht schon wieder..."" - negativ)]","Was war für dich ausschlaggebend für die Verteilung der Labels?      [negative/ neutrale/ positive Smileys bzw. Emoticons (z.B. :) - positiv)]","Was war für dich ausschlaggebend für die Verteilung der Labels?      [Sonstiges]","Wie sicher warst du dir bei der Vergabe der einzelnen Label?","Warum warst du dir unsicher bei der Vergabe der Label? [Es gab zu viele mögliche Ansatzpunkte eine Auswahl zu treffen (Ton, Inhalt, Emoticons, etc.)]","Warum warst du dir unsicher bei der Vergabe der Label? [Es wurden widersprüchliche Emotionen erkannt (z.B. negativer Ton mit positiven Emoticons)]","Warum warst du dir unsicher bei der Vergabe der Label? [Label war nicht klar zu bestimmen, da keine der Optionen für die Aussage richtig zutreffen war]","Warum warst du dir unsicher bei der Vergabe der Label? [Keine Unsicherheiten]","Warum warst du dir unsicher bei der Vergabe der Label? [Sonstiges]"," [Wie viele Reibereien gibt es zwischen den Gruppenmitgliedern?]"," [Wie offensichtlich sind persönliche Konflikte in der Gruppe?]"," [Wie viele Spannungen gibt es zwischen den Gruppenmitgliedern?]"," [Wie viele emotionale Konflikte gibt es zwischen den Gruppenmitgliedern?]"," [Wie oft sind sich die Gruppenmitglieder uneinig, wie die Arbeit zu erledigen ist?]"," [Wie häufig gibt es Ideenkonflikte in der Gruppe?]"," [Wie viele die Arbeit betreffende Konflikte gibt es in der Gruppe?]"," [In welchem Ausmaß gibt es Meinungsverschiedenheiten in der Gruppe?]","Gesamtzeit","Gruppenzeit: Allgemeine Daten","Fragenzeit: PD1","Fragenzeit: PD2","Fragenzeit: PD3","Fragenzeit: PD4","Gruppenzeit: Stimmungsanalyse","Fragenzeit: SK1","Gruppenzeit: Stimmungsanalyse","Fragenzeit: PSS1","Gruppenzeit: Lebenssituation","Fragenzeit: AL1","Gruppenzeit: Labelvergabe","Fragenzeit: Label1","Gruppenzeit: Labelvergabe","Fragenzeit: Label2","Gruppenzeit: Labelvergabe","Fragenzeit: Label3","Gruppenzeit: Labelvergabe","Fragenzeit: Labelart1","Fragenzeit: US1","Fragenzeit: US2","Gruppenzeit: Gruppendynamik","Fragenzeit: IGCS1"
"1","","-1","de","482663122","2021-12-03 15:50:24","2021-12-03 15:50:28","","","","","","","","","","","","","","","","","","","","","","","","","","","","","","","","","","","","","","","","","","","","","","","","","","","","","","","","","","","","","","","","","","","","","","","","","","","","","","","N/A","N/A","N/A","","","N/A","N/A","N/A","N/A","","","","","","","","","","4.58","4.58","","","","","","","","","","","","","","","","","","","","","",""
"2","","0","de","1131556545","2021-12-03 16:00:59","2021-12-03 16:00:59","","","","","","","","","","","","","","","","","","","","","","","","","","","","","","","","","","","","","","","","","","","","","","","","","","","","","","","","","","","","","","","","","","","","","","","","","","","","","","","N/A","N/A","N/A","","","N/A","N/A","N/A","N/A","","","","","","","","","","0","","","","","","","","","","","","","","","","","","","","","","",""
"3","2021-12-03 16:12:06","9","de","1207883025","2021-12-03 16:03:58","2021-12-03 16:12:06","Externes Projekt","25EoS","Nein","5","6","1","5","2","3","6","3","2","2","1","6","1","2","2","6","5","5","5","4","4","5","1","1","1","2","5","2","5","1","4","2","5","3","3","1","2","5","5","Nicht zutrffend","5","4","5","3","4","positiv","neutral","neutral","negativ","positiv","positiv","positiv","neutral","negativ","neutral","neutral","neutral","negativ","neutral","neutral","positiv","negativ","neutral","positiv","neutral","negativ","positiv","neutral","neutral","neutral","positiv","positiv","negativ","negativ","neutral","Ja","Ja","Ja","","4","Ja","Nein","Ja","Nein","","1","1","1","1","2","1","1","1","492.76","28.71","","","","","96.93","","64.42","","32.62","","34.42","","64.04","","58.85","","76.28","","","","36.49",""
"4","2021-12-03 16:38:38","9","de","892636729","2021-12-03 16:20:19","2021-12-03 16:38:38","Internes Projekt","01DrG","Nein","3","4","5","3","3","3","3","4","3","4","4","6","2","6","4","5","3","2","3","3","2","3","2","1","1","3","3","2","3","1","4","3","4","3","1","1","4","3","3","Nicht zutrffend","3","4","3","3","4","positiv","positiv","neutral","neutral","positiv","neutral","positiv","neutral","neutral","neutral","negativ","neutral","neutral","positiv","neutral","neutral","neutral","neutral","positiv","negativ","positiv","positiv","neutral","neutral","neutral","positiv","negativ","neutral","positiv","neutral","Nein","Ja","Nein","","4","Nein","Nein","Ja","Nein","","1","1","1","1","1","2","2","2","1103.58","88.71","","","","","96.65","","62.84","","58.24","","92.28","","153.18","","134.88","","142.42","","","","274.38",""
"5","2021-12-03 16:46:11","9","de","1817600424","2021-12-03 16:29:07","2021-12-03 16:46:11","Externes Projekt","25BoN","Nein","5","5","3","4","4","2","5","4","4","2","3","4","2","5","2","3","5","4","4","4","2","4","2","1","2","3","3","2","4","2","3","4","4","4","2","1","4","5","2","Nicht zutrffend","5","4","4","2","1","positiv","neutral","negativ","positiv","positiv","neutral","neutral","neutral","negativ","neutral","positiv","neutral","negativ","positiv","positiv","negativ","positiv","neutral","negativ","negativ","negativ","positiv","positiv","neutral","positiv","positiv","negativ","negativ","positiv","neutral","Nein","Ja","Nein","Hilfreich oder nicht hilfreich","2","Nein","Nein","Nein","Ja","","1","1","1","1","5","5","5","4","1030.33","57.91","","","","","119.79","","104.41","","73.72","","159.93","","146.44","","158.66","","160.86","","","","48.61",""
"6","","6","de","1151086781","2021-12-03 16:53:09","2021-12-03 17:01:33","Externes Projekt","04LoF","Nein","4","6","2","5","2","4","6","2","4","1","1","4","3","5","3","4","5","1","4","4","1","4","3","2","1","3","2","2","4","3","4","2","4","4","4","1","4","5","3","2","5","5","5","2","5","positiv","neutral","neutral","negativ","negativ","neutral","positiv","negativ","negativ","neutral","","","","","","","","","","","positiv","positiv","negativ","negativ","neutral","positiv","positiv","negativ","positiv","negativ","N/A","N/A","N/A","","","N/A","N/A","N/A","N/A","","","","","","","","","","506.62","64.12","","","","","63.27","","233.37","","39.65","","69.95","","","","36.26","","","","","","",""
"7","2021-12-03 17:12:12","9","de","1365921581","2021-12-03 17:02:11","2021-12-03 17:12:12","Internes Projekt","28YRW","Nein","4","3","4","3","3","4","3","6","5","3","5","5","1","4","2","4","3","4","4","2","1","4","1","1","1","3","2","1","3","1","5","4","4","4","2","3","4","4","2","Nicht zutrffend","4","3","3","3","1","neutral","neutral","positiv","neutral","neutral","neutral","negativ","negativ","negativ","neutral","positiv","positiv","negativ","positiv","neutral","negativ","neutral","negativ","positiv","neutral","neutral","neutral","neutral","negativ","positiv","negativ","negativ","positiv","positiv","neutral","Ja","Nein","Nein","","3","Ja","Nein","Nein","Nein","","1","1","2","1","2","2","3","1","605.24","88.79","","","","","115.06","","64.68","","49.47","","49.27","","95.17","","55.86","","36.18","","","","50.76",""
"8","","0","de","2071852400","2021-12-03 17:42:29","2021-12-03 17:42:29","","","","","","","","","","","","","","","","","","","","","","","","","","","","","","","","","","","","","","","","","","","","","","","","","","","","","","","","","","","","","","","","","","","","","","","","","","","","","","","N/A","N/A","N/A","","","N/A","N/A","N/A","N/A","","","","","","","","","","0","","","","","","","","","","","","","","","","","","","","","","",""
"9","2021-12-03 19:17:42","9","de","2088244834","2021-12-03 19:03:27","2021-12-03 19:17:42","Internes Projekt","15FTL","Nein","5","3","6","3","5","2","2","3","5","3","4","4","5","4","2","2","1","4","3","3","2","2","2","1","1","3","3","4","3","2","1","3","2","2","5","3","1","3","3","2","2","3","2","1","5","positiv","positiv","negativ","negativ","positiv","positiv","positiv","positiv","negativ","neutral","neutral","negativ","negativ","neutral","neutral","positiv","neutral","positiv","positiv","negativ","neutral","positiv","negativ","negativ","neutral","positiv","positiv","negativ","positiv","negativ","Ja","Ja","Ja","","2","Ja","Nein","Nein","Nein","","2","1","1","1","3","4","2","1","860.79","54.07","","","","","78.65","","67.8","","37.6","","29.98","","450.66","","84.85","","23.21","","","","33.97",""
"10","2021-12-03 20:21:27","9","de","216186920","2021-12-03 20:02:32","2021-12-03 20:21:27","Externes Projekt","09NoP","Ja","","6","4","4","7","1","6","4","5","4","7","5","5","1","2","3","2","4","5","4","3","3","1","1","1","3","3","5","5","1","1","4","4","2","4","3","2","2","4","2","3","5","3","2","2","neutral","neutral","neutral","negativ","positiv","negativ","positiv","negativ","negativ","neutral","neutral","neutral","neutral","neutral","neutral","positiv","neutral","negativ","positiv","negativ","neutral","positiv","neutral","neutral","neutral","positiv","positiv","negativ","neutral","neutral","Ja","Ja","Ja","","5","Nein","Nein","Nein","Ja","","1","2","1","1","3","3","1","2","1141.55","122.83","","","","","198.98","","133.9","","176.56","","82.9","","91.93","","71.89","","162.51","","","","100.05",""
"11","2021-12-03 20:31:48","9","de","1441674164","2021-12-03 20:18:18","2021-12-03 20:31:48","Internes Projekt","07MiK","Ja","","2","6","2","6","2","5","5","6","2","3","5","2","3","4","4","4","4","4","1","4","4","1","1","3","4","4","4","3","2","4","3","2","5","4","3","2","1","4","1","3","3","3","2","1","neutral","neutral","neutral","neutral","positiv","neutral","positiv","neutral","neutral","negativ","neutral","neutral","negativ","neutral","neutral","positiv","negativ","neutral","positiv","negativ","neutral","positiv","neutral","neutral","neutral","positiv","negativ","negativ","positiv","neutral","Ja","Nein","Nein","","3","Ja","Nein","Nein","Nein","","2","1","1","1","2","3","3","2","758.62","26.67","","","","","152.94","","102.28","","44.1","","73.85","","109.35","","81.47","","79.68","","","","88.28",""
"12","2021-12-04 08:25:55","9","de","1018577120","2021-12-04 08:18:40","2021-12-04 08:25:55","Externes Projekt","08PvU","Nein","4","5","4","4","3","2","6","3","4","4","1","3","4","6","3","6","3","3","3","3","2","3","1","1","1","3","3","1","3","1","5","1","2","4","2","1","5","5","4","Nicht zutrffend","5","5","2","4","5","neutral","neutral","neutral","neutral","positiv","neutral","neutral","neutral","neutral","positiv","neutral","neutral","neutral","neutral","neutral","neutral","neutral","neutral","neutral","neutral","neutral","neutral","neutral","neutral","neutral","neutral","neutral","neutral","neutral","neutral","Ja","Nein","Nein","","3","Nein","Nein","Nein","Ja","","1","1","1","1","2","2","1","2","439.57","71.15","","","","","88.64","","65.3","","37.61","","42.03","","18.92","","31.42","","47.57","","","","36.93",""
"13","","1","de","1534903175","2021-12-04 13:27:21","2021-12-04 13:30:32","Externes Projekt","14CtE","Nein","4","","","","","","","3","","","","","","","","","","","","","","","","","","","","","","","","","","","","","","","","","","","","","","","","","","","","","","","","","","","","","","","","","","","","","","","","","","","","N/A","N/A","N/A","","","N/A","N/A","N/A","N/A","","","","","","","","","","192.14","129.42","","","","","62.72","","","","","","","","","","","","","","","","",""
"14","2021-12-04 19:01:02","9","de","476008030","2021-12-04 18:53:29","2021-12-04 19:01:02","Internes Projekt","25Jrb","Nein","3","1","7","2","7","1","2","7","7","7","5","1","5","4","4","2","5","5","3","1","5","1","1","5","4","2","1","5","1","5","1","5","1","3","5","5","4","4","1","1","1","2","4","1","3","neutral","neutral","negativ","neutral","negativ","neutral","neutral","neutral","negativ","negativ","neutral","neutral","neutral","neutral","neutral","neutral","neutral","neutral","neutral","neutral","neutral","neutral","neutral","positiv","neutral","neutral","negativ","positiv","neutral","neutral","Nein","Ja","Nein","","3","Nein","Ja","Nein","Nein","","2","1","1","1","1","1","1","1","458.01","64.15","","","","","131.82","","72.5","","28.76","","40.45","","23.6","","48.63","","20.39","","","","27.71",""
"15","2021-12-05 13:15:06","9","de","1655609054","2021-12-05 13:00:35","2021-12-05 13:15:06","Externes Projekt","19JrE","Nein","2","3","5","4","6","2","4","3","6","5","6","3","6","4","5","3","3","4","4","3","1","3","3","3","1","1","3","1","4","4","2","2","3","3","3","1","2","3","4","Nicht zutrffend","5","1","2","3","Nicht zutrffend","positiv","neutral","negativ","neutral","positiv","negativ","positiv","negativ","negativ","positiv","positiv","neutral","negativ","positiv","neutral","positiv","neutral","positiv","positiv","neutral","positiv","positiv","neutral","positiv","neutral","positiv","neutral","negativ","positiv","positiv","Ja","Nein","Ja","","4","Nein","Nein","Ja","Nein","","2","2","3","1","3","3","3","2","874.41","101.17","","","","","111.9","","85.84","","103.14","","77.49","","100.1","","164.07","","73.45","","","","57.25",""
"16","2021-12-05 14:14:19","9","de","1937080610","2021-12-05 14:02:38","2021-12-05 14:14:19","Externes Projekt","01LtZ","Nein","4","3","6","3","5","4","4","4","4","2","6","7","6","4","2","1","4","4","5","3","5","1","1","3","2","3","3","4","2","4","3","5","2","3","4","4","3","4","2","Nicht zutrffend","3","2","2","2","4","positiv","negativ","neutral","neutral","positiv","negativ","positiv","negativ","negativ","negativ","neutral","neutral","neutral","neutral","neutral","positiv","neutral","negativ","positiv","negativ","neutral","negativ","neutral","negativ","neutral","positiv","positiv","negativ","neutral","neutral","Ja","Nein","Nein","","5","Nein","Nein","Nein","Ja","","2","1","1","1","3","2","1","3","705.26","93.93","","","","","107.45","","78.31","","52.1","","60.08","","123.56","","87.92","","53.06","","","","48.85",""
"17","2021-12-05 17:23:44","9","de","1815915654","2021-12-05 16:53:36","2021-12-05 17:23:44","Externes Projekt","30YaL","Nein","2","4","3","7","5","4","6","3","2","2","5","4","3","6","3","3","4","2","5","4","2","5","3","3","3","3","5","2","4","1","5","4","3","5","4","5","4","5","3","4","4","4","4","4","1","positiv","neutral","neutral","negativ","positiv","neutral","positiv","neutral","neutral","neutral","neutral","neutral","neutral","neutral","neutral","neutral","neutral","neutral","neutral","neutral","neutral","neutral","neutral","positiv","neutral","neutral","neutral","neutral","neutral","positiv","Ja","Ja","Ja","","3","Nein","Nein","Ja","Ja","","3","4","2","2","2","2","2","2","1813.94","710.83","","","","","248.51","","242.09","","150.71","","174.37","","12.94","","93.59","","48.56","","","","132.34",""
"18","2021-12-05 18:00:35","9","de","127115240","2021-12-05 17:52:28","2021-12-05 18:00:35","Externes Projekt","15MeK","Nein","4","6","2","5","2","5","6","2","2","2","1","7","6","6","2","4","4","2","4","4","2","4","1","2","1","3","3","3","4","2","4","2","4","4","2","2","4","3","4","3","4","4","4","4","4","positiv","negativ","neutral","negativ","positiv","neutral","positiv","neutral","neutral","neutral","neutral","neutral","neutral","neutral","neutral","positiv","neutral","neutral","positiv","negativ","positiv","positiv","neutral","negativ","neutral","positiv","positiv","neutral","neutral","positiv","Nein","Ja","Nein","","4","Ja","Nein","Nein","Nein","","2","2","1","1","2","2","2","2","490.65","59.25","","","","","81.14","","60.84","","34.04","","68.47","","53.53","","52.02","","34.9","","","","46.46",""
"19","2021-12-05 19:01:16","9","de","1001634469","2021-12-05 18:51:11","2021-12-05 19:01:16","Externes Projekt","14LnK","Nein","5","5","3","6","5","2","6","2","3","2","3","6","3","3","4","6","4","2","4","4","2","3","2","1","1","3","3","3","3","1","4","3","2","3","2","1","3","4","4","3","2","3","1","4","3","neutral","neutral","neutral","neutral","positiv","negativ","positiv","neutral","neutral","neutral","positiv","neutral","positiv","positiv","neutral","positiv","positiv","negativ","positiv","negativ","negativ","positiv","neutral","neutral","neutral","positiv","negativ","neutral","neutral","neutral","Ja","Ja","Ja","","4","Nein","Nein","Ja","Nein","","1","1","1","1","1","1","1","1","608.46","67.6","","","","","97.22","","64.27","","48.92","","50.02","","95.16","","78.29","","65.79","","","","41.19",""
"20","2021-12-05 20:47:05","9","de","350286575","2021-12-05 20:33:56","2021-12-05 20:47:05","Externes Projekt","07MäW","Nein","4","3","3","3","5","2","5","4","5","3","2","4","1","5","2","4","2","2","4","2","2","3","1","1","1","1","2","2","3","1","3","3","3","3","1","1","4","5","4","Nicht zutrffend","4","3","3","2","4","neutral","neutral","neutral","neutral","positiv","negativ","positiv","neutral","neutral","neutral","neutral","neutral","neutral","neutral","neutral","positiv","neutral","neutral","positiv","negativ","neutral","positiv","neutral","neutral","neutral","positiv","neutral","neutral","neutral","positiv","Ja","Ja","Nein","","4","Nein","Nein","Nein","Nein","Kontext ist wichtig","1","1","1","1","1","2","1","2","792.87","66.47","","","","","129.07","","91.69","","69.16","","108.43","","114.61","","75.17","","69.7","","","","68.57",""
"21","2021-12-05 20:58:30","9","de","572338389","2021-12-05 20:47:18","2021-12-05 20:58:30","Internes Projekt","19JiZ","Nein","3","6","2","1","2","3","6","2","1","1","4","2","3","4","3","3","3","1","4","3","3","2","1","1","1","2","3","3","4","1","3","3","3","4","3","2","5","4","4","3","4","4","4","4","3","positiv","neutral","neutral","neutral","positiv","neutral","positiv","neutral","neutral","neutral","neutral","neutral","neutral","positiv","positiv","positiv","neutral","neutral","positiv","positiv","neutral","neutral","neutral","positiv","neutral","neutral","neutral","neutral","neutral","neutral","Ja","Ja","Ja","","2","Ja","Nein","Ja","Nein","","1","1","1","1","1","1","1","2","676.42","76.89","","","","","147","","113.94","","77.74","","44.21","","29.26","","69.33","","61.56","","","","56.49",""
"22","","0","de","449074681","2021-12-05 21:36:09","2021-12-05 21:36:09","","","","","","","","","","","","","","","","","","","","","","","","","","","","","","","","","","","","","","","","","","","","","","","","","","","","","","","","","","","","","","","","","","","","","","","","","","","","","","","N/A","N/A","N/A","","","N/A","N/A","N/A","N/A","","","","","","","","","","0","","","","","","","","","","","","","","","","","","","","","","",""
"23","2021-12-05 23:02:19","9","de","1773853183","2021-12-05 22:52:47","2021-12-05 23:02:19","Externes Projekt","04TdN","Nein","5","6","2","5","5","4","5","3","3","2","2","4","1","5","2","4","3","1","3","4","3","4","4","1","1","3","4","2","2","1","2","2","4","3","4","1","4","4","4","4","5","4","4","3","5","positiv","neutral","neutral","neutral","positiv","neutral","positiv","neutral","positiv","negativ","positiv","negativ","neutral","neutral","positiv","positiv","positiv","negativ","positiv","neutral","neutral","positiv","neutral","positiv","positiv","positiv","positiv","negativ","positiv","neutral","Ja","Ja","Ja","","5","Nein","Nein","Nein","Ja","","3","2","2","1","3","4","1","3","575.73","52.99","","","","","80.74","","71.77","","56.43","","61.48","","91.2","","75.52","","36.6","","","","49",""
"24","2021-12-06 00:04:08","9","de","1299893104","2021-12-05 23:56:52","2021-12-06 00:04:08","Internes Projekt","12CiR","Nein","5","6","1","4","2","4","6","2","2","1","2","6","1","7","2","6","4","2","4","3","4","3","3","1","1","4","3","4","4","1","4","2","3","4","4","1","4","4","2","3","5","3","4","3","5","positiv","neutral","neutral","negativ","positiv","neutral","positiv","negativ","negativ","negativ","neutral","neutral","negativ","neutral","neutral","positiv","neutral","negativ","positiv","negativ","negativ","positiv","negativ","negativ","positiv","positiv","positiv","negativ","negativ","neutral","Ja","Nein","Nein","","4","Nein","Nein","Ja","Ja","","2","1","2","1","1","1","1","1","441.01","44.43","","","","","67.7","","51.13","","33.93","","42.42","","66.41","","58.85","","42.91","","","","33.23",""
"25","2021-12-06 11:11:45","9","de","762182708","2021-12-06 10:31:18","2021-12-06 11:11:45","Externes Projekt","16OzG","Nein","4","5","1","5","2","4","6","2","1","2","1","5","1","6","3","6","4","1","4","3","2","3","1","1","1","3","3","2","3","1","4","2","3","4","1","1","4","5","5","5","4","5","4","4","5","positiv","negativ","neutral","negativ","positiv","neutral","positiv","neutral","positiv","neutral","neutral","neutral","neutral","positiv","neutral","positiv","neutral","neutral","neutral","positiv","neutral","neutral","neutral","neutral","neutral","neutral","positiv","neutral","neutral","neutral","Ja","Nein","Ja","","4","Ja","Nein","Nein","Nein","","1","2","2","1","3","2","2","2","1707.76","309.31","","","","","395.08","","101.14","","21.57","","82.68","","598.6","","99.22","","45.84","","","","54.32",""
"26","2021-12-06 11:16:55","9","de","1007187697","2021-12-06 11:07:34","2021-12-06 11:16:55","Internes Projekt","10KrP","Nein","4","4","4","3","6","2","6","3","4","2","4","4","3","5","2","6","3","4","2","2","4","4","1","1","1","2","2","4","4","2","2","4","2","2","5","1","4","4","2","Nicht zutrffend","Nicht zutrffend","3","2","3","Nicht zutrffend","neutral","neutral","neutral","negativ","neutral","negativ","positiv","neutral","neutral","neutral","neutral","neutral","neutral","neutral","neutral","positiv","negativ","negativ","positiv","negativ","negativ","neutral","neutral","negativ","neutral","positiv","positiv","negativ","neutral","neutral","Ja","Ja","Nein","","4","Ja","Ja","Nein","Nein","","2","2","4","1","4","4","2","4","566.61","41.76","","","","","111.43","","62.55","","33.88","","50.63","","78.04","","79.57","","65.88","","","","42.87",""
"27","","0","de","1577359680","2021-12-06 12:35:05","2021-12-06 12:35:05","","","","","","","","","","","","","","","","","","","","","","","","","","","","","","","","","","","","","","","","","","","","","","","","","","","","","","","","","","","","","","","","","","","","","","","","","","","","","","","N/A","N/A","N/A","","","N/A","N/A","N/A","N/A","","","","","","","","","","0","","","","","","","","","","","","","","","","","","","","","","",""
"28","2021-12-06 14:04:41","9","de","1067460748","2021-12-06 13:55:21","2021-12-06 14:04:41","Externes Projekt","01LeG","Nein","5","2","5","2","7","1","2","7","7","2","6","2","5","2","1","6","3","2","4","2","2","2","2","1","1","3","2","1","1","3","5","3","5","4","3","3","4","2","3","5","3","4","4","2","2","positiv","neutral","neutral","negativ","neutral","neutral","positiv","negativ","negativ","neutral","neutral","neutral","negativ","positiv","negativ","positiv","neutral","neutral","positiv","neutral","neutral","positiv","neutral","negativ","neutral","positiv","positiv","negativ","positiv","neutral","Nein","Ja","Nein","","4","Nein","Nein","Ja","Nein","","1","1","1","1","4","3","4","3","565.1","68.51","","","","","145.21","","65.9","","39.78","","49.08","","71.51","","44.44","","48.91","","","","31.76",""
"29","2021-12-06 14:11:44","9","de","888261914","2021-12-06 13:55:28","2021-12-06 14:11:44","Externes Projekt","20ToA","Nein","1","6","3","7","2","6","6","1","3","2","2","5","3","5","5","6","3","2","3","4","3","3","2","2","1","3","4","2","5","1","2","4","4","2","4","3","4","3","4","3","5","4","5","4","2","neutral","positiv","neutral","negativ","positiv","neutral","positiv","negativ","neutral","neutral","negativ","negativ","negativ","positiv","neutral","positiv","neutral","neutral","positiv","negativ","neutral","positiv","negativ","neutral","negativ","positiv","positiv","negativ","neutral","neutral","Ja","Ja","Nein","","4","Ja","Ja","Nein","Nein","","2","2","2","2","2","3","2","1","979.23","113.88","","","","","144.07","","88.11","","92.13","","71.32","","142.11","","106.13","","147.67","","","","73.81",""
"30","","1","de","74985757","2021-12-06 14:59:15","2021-12-06 15:00:08","Externes Projekt","31LeO","Nein","5","","","","","","","","","","","","","","","","","","","","","","","","","","","","","","","","","","","","","","","","","","","","","","","","","","","","","","","","","","","","","","","","","","","","","","","","","","","N/A","N/A","N/A","","","N/A","N/A","N/A","N/A","","","","","","","","","","53.74","53.74","","","","","","","","","","","","","","","","","","","","","",""
"31","2021-12-06 15:52:21","9","de","1306088968","2021-12-06 15:27:24","2021-12-06 15:52:21","Externes Projekt","10ZcR","Nein","4","3","5","2","7","2","3","4","4","4","5","2","6","3","7","6","3","2","2","2","3","2","1","2","2","4","3","4","3","1","3","3","2","3","2","1","3","3","4","Nicht zutrffend","5","4","4","3","3","positiv","neutral","neutral","negativ","neutral","negativ","positiv","neutral","neutral","neutral","neutral","neutral","negativ","neutral","neutral","positiv","neutral","neutral","positiv","negativ","neutral","positiv","neutral","neutral","neutral","positiv","neutral","neutral","neutral","negativ","Nein","Ja","Ja","Was könnte der Autor hier gemeint haben?","3","Ja","Nein","Ja","Nein","Kontext fehlt","1","1","1","2","2","2","1","2","1500.29","61.97","","","","","274.48","","488.05","","17.12","","34.09","","155.67","","124.19","","202.56","","","","142.16",""
"32","","0","de","1725947651","2021-12-06 17:57:46","2021-12-06 17:58:19","Externes Projekt","","","","","","","","","","","","","","","","","","","","","","","","","","","","","","","","","","","","","","","","","","","","","","","","","","","","","","","","","","","","","","","","","","","","","","","","","","","","","","N/A","N/A","N/A","","","N/A","N/A","N/A","N/A","","","","","","","","","","33.07","33.07","","","","","","","","","","","","","","","","","","","","","",""
"33","2021-12-06 20:50:06","9","de","292736524","2021-12-06 20:30:46","2021-12-06 20:50:06","Internes Projekt","10ThL","Nein","5","4","2","4","1","4","6","3","2","1","7","4","7","1","4","4","5","1","3","3","4","4","1","1","4","3","1","4","3","1","5","2","5","4","3","2","5","5","3","2","5","5","2","1","5","neutral","neutral","neutral","negativ","positiv","positiv","positiv","positiv","positiv","neutral","neutral","positiv","positiv","neutral","neutral","positiv","neutral","negativ","positiv","negativ","positiv","neutral","neutral","negativ","negativ","positiv","positiv","positiv","neutral","positiv","Ja","Nein","Ja","","2","Ja","Nein","Nein","Nein","","2","1","2","2","1","1","2","1","1163.9","127.4","","","","","181.49","","162.93","","69.44","","122.05","","260.33","","94.97","","71.27","","","","74.02",""
"34","","1","de","1243340571","2021-12-06 23:59:54","2021-12-07 00:00:08","Externes Projekt","23132","Nein","4","","","","","","","","","","","","","","","","","","","","","","","","","","","","","","","","","","","","","","","","","","","","","","","","","","","","","","","","","","","","","","","","","","","","","","","","","","","N/A","N/A","N/A","","","N/A","N/A","N/A","N/A","","","","","","","","","","15.73","15.73","","","","","","","","","","","","","","","","","","","","","",""
"35","2021-12-07 02:26:36","9","de","1080169795","2021-12-07 02:15:16","2021-12-07 02:26:36","Externes Projekt","20JeH","Nein","2","3","5","4","3","3","3","5","6","6","5","4","5","4","6","6","4","2","4","4","2","4","2","2","2","4","4","2","4","2","4","2","4","4","2","2","3","3","4","Nicht zutrffend","2","2","2","2","Nicht zutrffend","neutral","positiv","neutral","neutral","positiv","negativ","positiv","neutral","neutral","neutral","positiv","neutral","neutral","positiv","neutral","positiv","neutral","neutral","positiv","negativ","neutral","positiv","neutral","neutral","neutral","positiv","positiv","neutral","positiv","neutral","Ja","Ja","Nein","","3","Ja","Nein","Ja","Nein","","3","5","4","4","1","1","4","2","686.18","66.98","","","","","164.1","","51.32","","34.61","","62.16","","116.46","","44.8","","68.81","","","","76.94",""
"36","2021-12-07 11:16:59","9","de","2105953456","2021-12-07 10:50:00","2021-12-07 11:16:59","Internes Projekt","29MoW","Nein","4","6","2","6","2","3","5","3","2","5","5","5","3","3","2","7","5","1","5","3","2","4","1","1","2","4","4","2","4","1","2","3","5","4","2","1","5","4","4","3","4","4","4","3","2","neutral","neutral","positiv","negativ","positiv","neutral","positiv","neutral","positiv","neutral","negativ","negativ","positiv","positiv","positiv","positiv","neutral","neutral","positiv","negativ","positiv","positiv","negativ","positiv","negativ","positiv","positiv","negativ","negativ","neutral","Ja","Nein","Nein","Was mir schonmal hilfreich war - positiv","4","Ja","Nein","Nein","Nein","","1","1","1","1","1","3","1","2","1621.88","186.79","","","","","244.57","","188.08","","159.43","","177.09","","217.21","","171.39","","173.02","","","","104.3",""
"37","2021-12-07 11:15:05","9","de","455014277","2021-12-07 11:08:44","2021-12-07 11:15:05","Externes Projekt","15KhL","Nein","4","3","6","3","4","3","2","5","5","3","7","1","7","1","7","2","4","4","4","4","3","4","2","2","3","4","4","3","3","2","4","4","4","4","5","4","4","4","4","4","3","4","4","4","2","positiv","neutral","neutral","negativ","positiv","neutral","positiv","neutral","negativ","neutral","neutral","neutral","neutral","neutral","neutral","positiv","neutral","neutral","positiv","negativ","neutral","positiv","neutral","neutral","neutral","positiv","positiv","negativ","neutral","positiv","Ja","Ja","Ja","","4","Ja","Nein","Nein","Ja","","1","1","1","1","2","2","2","2","383.98","41.28","","","","","79.26","","37.16","","19.12","","33.02","","65.75","","40.92","","40.28","","","","27.19",""
"38","","0","de","1487972827","2021-12-07 13:10:55","2021-12-07 13:10:55","","","","","","","","","","","","","","","","","","","","","","","","","","","","","","","","","","","","","","","","","","","","","","","","","","","","","","","","","","","","","","","","","","","","","","","","","","","","","","","N/A","N/A","N/A","","","N/A","N/A","N/A","N/A","","","","","","","","","","0","","","","","","","","","","","","","","","","","","","","","","",""
"39","2021-12-08 14:10:13","9","de","1830987645","2021-12-08 13:40:16","2021-12-08 14:10:13","Internes Projekt","04MlA","Nein","5","4","4","2","5","3","4","3","6","2","7","4","4","3","2","7","3","5","3","4","4","4","4","2","1","4","2","4","3","4","3","5","4","2","4","4","5","5","2","2","2","4","2","5","4","positiv","negativ","neutral","negativ","positiv","negativ","positiv","neutral","negativ","negativ","neutral","neutral","neutral","neutral","neutral","positiv","negativ","negativ","positiv","negativ","negativ","neutral","neutral","neutral","neutral","positiv","neutral","neutral","neutral","neutral","Ja","Ja","Nein","Manche Smileys können bei bestimmten Sätzen negativ wirken. „:)“ zum Beispiel ","4","Ja","Nein","Ja","Nein","","4","4","3","2","5","5","3","4","1801.61","110.41","","","","","417.17","","196.35","","248.15","","80.34","","162.69","","159.97","","279.57","","","","146.96",""
"40","2021-12-08 14:09:33","9","de","877511783","2021-12-08 14:00:06","2021-12-08 14:09:33","Externes Projekt","15YeN","Nein","5","1","6","2","6","2","1","6","7","3","7","6","5","2","2","4","1","5","2","1","1","4","3","2","1","3","1","4","2","2","4","4","4","2","3","4","2","1","3","3","4","3","4","2","4","positiv","neutral","neutral","negativ","positiv","negativ","positiv","neutral","positiv","positiv","neutral","negativ","neutral","neutral","neutral","positiv","neutral","neutral","positiv","neutral","positiv","positiv","neutral","negativ","neutral","positiv","neutral","negativ","neutral","positiv","Ja","Nein","Ja","","3","Ja","Nein","Ja","Nein","","1","1","1","1","2","1","1","1","569.54","106.27","","","","","80.24","","53.04","","35.12","","54.11","","68.55","","98.04","","37.56","","","","36.61",""
"41","","0","de","1698480041","2021-12-08 14:30:04","2021-12-08 14:30:04","","","","","","","","","","","","","","","","","","","","","","","","","","","","","","","","","","","","","","","","","","","","","","","","","","","","","","","","","","","","","","","","","","","","","","","","","","","","","","","N/A","N/A","N/A","","","N/A","N/A","N/A","N/A","","","","","","","","","","0","","","","","","","","","","","","","","","","","","","","","","",""
"42","2021-12-08 15:09:58","9","de","1595001461","2021-12-08 14:30:16","2021-12-08 15:09:58","Externes Projekt","06BuJ","Nein","5","3","4","6","6","2","7","5","5","4","2","7","2","6","2","7","4","2","5","1","2","4","2","1","2","3","2","1","3","2","4","3","4","4","4","1","3","5","3","3","4","4","5","3","2","neutral","negativ","neutral","negativ","neutral","neutral","positiv","negativ","neutral","negativ","neutral","positiv","neutral","neutral","neutral","positiv","neutral","positiv","positiv","negativ","negativ","positiv","neutral","neutral","neutral","positiv","positiv","negativ","negativ","positiv","Ja","Ja","Ja","","3","Nein","Ja","Nein","Nein","","2","1","2","1","2","4","3","2","2384.87","1915.33","","","","","71.12","","55.08","","30.46","","98.21","","66.22","","63.39","","49.9","","","","35.16",""
"43","","0","de","1087163086","2021-12-08 14:32:17","2021-12-08 14:32:17","","","","","","","","","","","","","","","","","","","","","","","","","","","","","","","","","","","","","","","","","","","","","","","","","","","","","","","","","","","","","","","","","","","","","","","","","","","","","","","N/A","N/A","N/A","","","N/A","N/A","N/A","N/A","","","","","","","","","","0","","","","","","","","","","","","","","","","","","","","","","",""
"44","","0","de","1215162233","2021-12-08 14:36:36","2021-12-08 14:36:36","","","","","","","","","","","","","","","","","","","","","","","","","","","","","","","","","","","","","","","","","","","","","","","","","","","","","","","","","","","","","","","","","","","","","","","","","","","","","","","N/A","N/A","N/A","","","N/A","N/A","N/A","N/A","","","","","","","","","","0","","","","","","","","","","","","","","","","","","","","","","",""
"45","2021-12-08 15:03:35","9","de","361801635","2021-12-08 14:47:36","2021-12-08 15:03:35","Externes Projekt","28TaD","Nein","4","6","6","6","6","5","6","2","6","2","6","6","2","6","6","5","3","1","1","1","1","3","1","1","2","1","2","1","3","1","3","3","3","3","2","1","4","4","4","3","4","4","3","4","3","positiv","neutral","negativ","neutral","neutral","negativ","positiv","negativ","negativ","neutral","neutral","positiv","neutral","positiv","positiv","positiv","neutral","neutral","positiv","positiv","positiv","neutral","neutral","positiv","neutral","positiv","positiv","negativ","negativ","neutral","Ja","Ja","Ja","","4","Ja","Nein","Ja","Nein","","2","2","2","2","3","5","4","4","965.72","75.84","","","","","166.36","","443.48","","44.03","","25.98","","27.92","","46.39","","29.76","","","","105.96",""
"46","2021-12-08 15:12:22","9","de","513405954","2021-12-08 15:00:24","2021-12-08 15:12:22","Internes Projekt","01JaiM","Nein","2","6","2","5","5","2","5","5","3","2","3","4","3","6","2","4","5","2","4","3","2","3","1","1","2","3","2","4","2","1","2","4","4","4","3","2","5","5","4","Nicht zutrffend","5","3","5","4","3","positiv","positiv","neutral","neutral","positiv","negativ","positiv","neutral","neutral","neutral","neutral","neutral","neutral","positiv","negativ","positiv","neutral","neutral","negativ","negativ","positiv","positiv","neutral","positiv","neutral","neutral","positiv","negativ","neutral","neutral","Ja","Nein","Ja","","4","Ja","Nein","Nein","Nein","","1","1","1","1","2","2","2","3","721.62","103.14","","","","","111.23","","78.9","","52.28","","54.01","","99.98","","112.55","","52.34","","","","57.19",""
"47","2021-12-08 16:05:26","9","de","1694631315","2021-12-08 15:32:29","2021-12-08 16:05:26","Externes Projekt","05TiK","Nein","5","6","1","6","1","3","7","1","1","1","1","6","1","6","1","5","4","1","4","4","1","4","1","1","1","4","3","2","4","1","3","1","4","3","1","1","2","5","5","Nicht zutrffend","5","5","3","5","4","positiv","positiv","neutral","negativ","positiv","neutral","positiv","neutral","positiv","positiv","negativ","neutral","negativ","positiv","negativ","positiv","negativ","negativ","negativ","negativ","positiv","positiv","negativ","neutral","neutral","positiv","positiv","neutral","negativ","negativ","Ja","Nein","Nein","","1","Nein","Ja","Nein","Nein","","1","1","1","1","1","2","1","2","1750.03","79.08","","","","","277.2","","104.49","","159.53","","340.32","","56.17","","121.25","","310.21","","","","301.78",""
"48","","1","de","1816966382","2021-12-08 15:33:05","2021-12-08 15:43:57","Externes Projekt","47ToD","Nein","5","","","","","","","","","","","","","","","","","","","","","","","","","","","","","","","","","","","","","","","","","","","","","","","","","","","","","","","","","","","","","","","","","","","","","","","","","","","N/A","N/A","N/A","","","N/A","N/A","N/A","N/A","","","","","","","","","","652.63","652.63","","","","","","","","","","","","","","","","","","","","","",""
"50","","2","de","1331380717","2021-12-08 15:47:31","2021-12-08 15:51:14","Externes Projekt","21MgC","Nein","5","4","4","3","4","4","3","6","3","4","4","4","5","3","2","3","","","","","","","","","","","","","","","","","","","","","","","","","","","","","","","","","","","","","","","","","","","","","","","","","","","","","","","","","","","","N/A","N/A","N/A","","","N/A","N/A","N/A","N/A","","","","","","","","","","224.22","134.4","","","","","89.82","","","","","","","","","","","","","","","","",""
"51","","0","de","1511720018","2021-12-08 15:47:41","2021-12-08 15:47:41","","","","","","","","","","","","","","","","","","","","","","","","","","","","","","","","","","","","","","","","","","","","","","","","","","","","","","","","","","","","","","","","","","","","","","","","","","","","","","","N/A","N/A","N/A","","","N/A","N/A","N/A","N/A","","","","","","","","","","0","","","","","","","","","","","","","","","","","","","","","","",""
"52","","0","de","505582263","2021-12-08 15:47:59","2021-12-08 15:47:59","","","","","","","","","","","","","","","","","","","","","","","","","","","","","","","","","","","","","","","","","","","","","","","","","","","","","","","","","","","","","","","","","","","","","","","","","","","","","","","N/A","N/A","N/A","","","N/A","N/A","N/A","N/A","","","","","","","","","","0","","","","","","","","","","","","","","","","","","","","","","",""
"53","2021-12-08 16:04:20","9","de","1310420307","2021-12-08 15:51:06","2021-12-08 16:04:20","Externes Projekt","20Dre","Nein","4","2","5","1","7","1","2","6","5","4","3","5","2","4","1","5","2","3","4","2","2","2","1","1","2","2","3","1","2","1","2","4","3","3","1","1","4","5","3","Nicht zutrffend","4","3","4","1","3","positiv","negativ","negativ","negativ","positiv","negativ","positiv","neutral","neutral","neutral","neutral","negativ","neutral","neutral","neutral","positiv","negativ","neutral","neutral","negativ","neutral","neutral","neutral","neutral","neutral","positiv","neutral","negativ","positiv","neutral","Ja","Ja","Nein","","4","Nein","Ja","Nein","Nein","","1","1","1","1","2","2","1","1","796.78","48.5","","","","","144.48","","75.43","","53.1","","61.32","","238.44","","101.13","","40.1","","","","34.28",""
"54","","1","de","175183091","2021-12-08 15:51:47","2021-12-08 15:54:07","Externes Projekt","25DiS","Nein","5","3","","","5","","","","5","4","7","","","","4","","","","","","","","","","","","","","","","","","","","","","","","","","","","","","","","","","","","","","","","","","","","","","","","","","","","","","","","","","","","","N/A","N/A","N/A","","","N/A","N/A","N/A","N/A","","","","","","","","","","140.26","52.2","","","","","88.06","","","","","","","","","","","","","","","","",""
"55","","4","de","2123652556","2021-12-08 16:05:27","2021-12-08 16:16:42","Internes Projekt","29MeI","Nein","3","5","2","5","4","6","6","2","2","2","3","4","3","5","5","4","4","2","4","3","2","5","1","2","1","2","4","1","4","3","5","2","4","4","2","2","5","5","4","Nicht zutrffend","5","5","4","4","4","","","","","","","","","","","","","","","","","","","","","","","","","","","","","","","N/A","N/A","N/A","","","N/A","N/A","N/A","N/A","","","","","","","","","","677.8","182.24","","","","","215.43","","94.42","","185.71","","","","","","","","","","","","",""
"56","2021-12-08 16:55:59","9","de","534038714","2021-12-08 16:45:54","2021-12-08 16:55:59","Internes Projekt","25NuF","Nein","5","4","3","4","3","2","6","1","2","1","5","5","5","6","1","6","4","3","5","4","3","3","2","1","1","1","4","4","3","2","2","3","4","4","5","4","4","3","4","4","5","5","5","3","5","positiv","neutral","neutral","negativ","positiv","positiv","positiv","neutral","neutral","neutral","neutral","neutral","neutral","positiv","neutral","positiv","positiv","neutral","positiv","negativ","neutral","positiv","neutral","negativ","neutral","negativ","neutral","negativ","positiv","positiv","Ja","Ja","Ja","Möglicher Kontext","4","Nein","Nein","Nein","Ja","","1","1","1","1","1","1","1","1","610.34","69.64","","","","","96.5","","79.69","","38.94","","59.6","","94.56","","85.44","","51.81","","","","34.16",""
"57","2021-12-08 17:45:27","9","de","1505361014","2021-12-08 16:47:00","2021-12-08 17:45:27","Internes Projekt","02MnI","Ja","","5","4","3","4","1","5","4","3","2","2","5","3","4","3","4","3","3","5","3","3","3","2","2","3","3","2","3","3","3","4","3","4","4","3","2","4","4","4","5","4","4","4","4","4","neutral","neutral","neutral","negativ","positiv","neutral","positiv","positiv","neutral","neutral","neutral","neutral","neutral","neutral","neutral","positiv","neutral","neutral","positiv","negativ","neutral","positiv","neutral","negativ","neutral","positiv","positiv","negativ","neutral","neutral","Nein","Ja","Ja","","5","Nein","Nein","Nein","Ja","","4","2","4","4","3","3","4","3","3510.85","1517.34","","","","","545.04","","299.41","","96.46","","47.6","","695.65","","35.96","","192.37","","","","81.02",""
"58","2021-12-08 17:04:19","9","de","978975726","2021-12-08 16:56:57","2021-12-08 17:04:19","Internes Projekt","28LeT","Nein","3","4","4","5","2","3","5","3","4","3","4","4","5","3","2","4","2","3","3","3","3","2","1","1","1","3","3","4","3","2","3","3","2","3","4","4","4","4","3","Nicht zutrffend","4","3","2","3","3","positiv","neutral","negativ","negativ","positiv","neutral","positiv","negativ","neutral","neutral","negativ","negativ","neutral","positiv","negativ","positiv","negativ","neutral","positiv","neutral","neutral","positiv","negativ","neutral","neutral","positiv","positiv","negativ","neutral","positiv","Ja","Nein","Nein","","3","Ja","Nein","Nein","Nein","","2","1","1","1","3","3","1","3","447.13","70.29","","","","","74.96","","62.86","","34.46","","34.58","","75.22","","25.84","","32.39","","","","36.53",""
"59","2021-12-08 17:25:35","9","de","1050119309","2021-12-08 17:05:52","2021-12-08 17:25:35","Internes Projekt","10ClL","Nein","5","5","3","6","5","2","6","1","3","2","6","3","3","2","3","2","2","4","4","3","2","2","3","1","1","3","4","4","4","1","3","4","3","4","4","2","3","4","3","4","5","5","5","3","5","neutral","negativ","neutral","negativ","neutral","positiv","positiv","positiv","positiv","neutral","neutral","neutral","negativ","neutral","neutral","positiv","negativ","negativ","positiv","negativ","negativ","neutral","neutral","negativ","neutral","positiv","positiv","negativ","neutral","negativ","Nein","Ja","Ja","","2","Ja","Ja","Nein","Nein","","2","3","1","1","3","3","3","2","1187.81","67.52","","","","","207.01","","275.13","","108.95","","175.36","","113.76","","83.66","","60.58","","","","95.84",""
"60","","1","de","66572302","2021-12-08 17:07:54","2021-12-08 17:12:48","Internes Projekt","14DgM","Nein","4","","","","","","","","","","","","","","","","","","","","","","","","","","","","","","","","","","","","","","","","","","","","","","","","","","","","","","","","","","","","","","","","","","","","","","","","","","","N/A","N/A","N/A","","","N/A","N/A","N/A","N/A","","","","","","","","","","294.08","294.08","","","","","","","","","","","","","","","","","","","","","",""
"61","2021-12-08 17:34:44","9","de","536329718","2021-12-08 17:09:05","2021-12-08 17:34:44","Externes Projekt","21KcN","Nein","4","3","5","3","5","2","5","4","4","5","2","4","1","5","1","7","2","2","4","2","2","3","3","1","2","3","3","2","2","1","4","1","4","4","2","2","3","4","3","3","5","4","4","3","2","positiv","neutral","negativ","neutral","positiv","neutral","neutral","negativ","neutral","neutral","neutral","negativ","negativ","positiv","neutral","neutral","negativ","negativ","negativ","neutral","positiv","positiv","neutral","neutral","neutral","neutral","neutral","neutral","negativ","positiv","Ja","Ja","Nein","","2","Ja","Nein","Ja","Nein","","1","1","1","1","2","2","1","1","1544.32","100.32","","","","","484.58","","231.74","","156.98","","87.27","","107.36","","178.72","","144.65","","","","52.7",""
"62","","1","de","695557401","2021-12-08 17:55:34","2021-12-08 17:57:37","Internes Projekt","17KlB","Nein","3","","","","","","","","","","","","","","","","","","","","","","","","","","","","","","","","","","","","","","","","","","","","","","","","","","","","","","","","","","","","","","","","","","","","","","","","","","","N/A","N/A","N/A","","","N/A","N/A","N/A","N/A","","","","","","","","","","123.15","123.15","","","","","","","","","","","","","","","","","","","","","",""
"63","2021-12-08 18:54:01","9","de","1370033478","2021-12-08 18:35:09","2021-12-08 18:54:01","Internes Projekt","21KtO","Nein","3","6","2","6","1","4","5","1","2","1","7","5","2","4","1","4","4","4","3","3","4","4","3","1","1","1","5","3","3","5","3","5","4","3","1","3","5","5","3","3","4","5","3","3","1","neutral","neutral","neutral","negativ","positiv","positiv","positiv","positiv","negativ","negativ","positiv","negativ","positiv","neutral","positiv","positiv","neutral","negativ","positiv","neutral","positiv","positiv","negativ","neutral","positiv","positiv","neutral","negativ","neutral","positiv","Nein","Ja","Nein","","3","Ja","Nein","Nein","Nein","","1","1","1","1","1","2","1","2","1136.56","141.96","","","","","234.77","","110.56","","72.27","","117.73","","121.14","","130.38","","113.14","","","","94.61",""
"64","2021-12-08 19:03:09","9","de","2075390966","2021-12-08 18:44:15","2021-12-08 19:03:09","Externes Projekt","08SeW","Nein","4","6","2","6","3","1","5","2","2","2","5","4","1","6","3","5","2","3","4","3","4","2","1","1","2","4","3","3","3","3","4","2","4","3","4","2","2","2","4","Nicht zutrffend","4","3","4","4","4","positiv","neutral","neutral","negativ","positiv","negativ","positiv","negativ","positiv","positiv","positiv","neutral","neutral","neutral","neutral","positiv","neutral","negativ","positiv","negativ","neutral","positiv","neutral","negativ","neutral","positiv","positiv","negativ","neutral","neutral","Ja","Nein","Ja","Wie ich mir vorstelle, dass ich es im Moment in einem Gespräch rüberbringen würde.","4","Nein","Nein","Nein","Ja","","1","2","2","1","1","2","1","1","1140.05","63.76","","","","","385.78","","101.36","","67.57","","130.06","","107.79","","91.65","","109.81","","","","82.27",""
"65","2021-12-08 19:43:05","9","de","738605237","2021-12-08 19:22:27","2021-12-08 19:43:05","Internes Projekt","14DgM","Nein","4","3","1","4","7","1","4","7","4","6","7","2","6","1","5","4","3","2","4","3","4","4","4","1","1","4","3","4","4","1","4","4","3","3","4","5","5","3","2","3","3","5","4","3","2","positiv","neutral","neutral","neutral","neutral","negativ","positiv","neutral","neutral","neutral","negativ","neutral","positiv","neutral","neutral","neutral","positiv","neutral","positiv","negativ","positiv","positiv","neutral","negativ","neutral","positiv","negativ","negativ","neutral","neutral","Nein","Ja","Ja","","4","Ja","Ja","Nein","Nein","","3","5","2","1","5","4","4","2","1241","128.5","","","","","233.34","","167.06","","155.58","","59.23","","118.81","","67.21","","126.06","","","","185.21",""
"66","2021-12-09 11:15:00","9","de","300905381","2021-12-09 11:02:23","2021-12-09 11:15:00","Internes Projekt","09JaE","Nein","3","5","3","6","2","2","5","4","2","1","5","3","4","4","3","1","2","2","4","4","2","3","1","1","3","3","4","2","5","2","2","4","3","4","3","3","4","5","4","Nicht zutrffend","4","4","5","3","4","positiv","neutral","positiv","negativ","positiv","negativ","neutral","neutral","neutral","neutral","neutral","neutral","neutral","positiv","negativ","neutral","neutral","neutral","positiv","neutral","positiv","positiv","negativ","neutral","positiv","neutral","neutral","neutral","positiv","neutral","Ja","Nein","Nein","","2","Ja","Nein","Nein","Nein","","1","1","1","1","2","1","1","1","761.42","79.49","","","","","114.84","","133.74","","72.05","","59.36","","108.2","","72.83","","82.44","","","","38.47",""
"67","","5","de","10691577","2021-12-09 13:14:13","2021-12-09 13:25:16","Internes Projekt","12MüD","Nein","4","6","4","6","6","2","5","4","3","4","4","5","3","4","2","5","5","2","4","3","2","3","2","1","1","5","3","4","4","1","4","4","3","3","2","2","2","5","4","Nicht zutrffend","5","4","3","2","4","neutral","neutral","neutral","negativ","positiv","negativ","positiv","neutral","neutral","neutral","","","","","","","","","","","","","","","","","","","","","N/A","N/A","N/A","","","N/A","N/A","N/A","N/A","","","","","","","","","","665.16","83.18","","","","","166.15","","169.8","","90.71","","155.32","","","","","","","","","","",""
"68","2021-12-09 14:27:27","9","de","309589394","2021-12-09 14:12:04","2021-12-09 14:27:27","Internes Projekt","01MüD","Nein","4","4","3","5","6","2","5","5","3","5","4","5","4","4","2","5","5","3","4","3","2","3","1","1","1","5","3","3","4","1","4","3","4","4","2","2","2","5","3","Nicht zutrffend","5","4","3","2","4","neutral","neutral","neutral","negativ","positiv","negativ","positiv","neutral","neutral","neutral","neutral","negativ","negativ","neutral","neutral","positiv","neutral","negativ","positiv","negativ","neutral","negativ","negativ","neutral","neutral","positiv","neutral","neutral","positiv","neutral","Ja","Ja","Nein","","3","Ja","Nein","Ja","Nein","Je nach Kontext kann sich die Bedeutung der Aussagen und die durch sie vermittelte Stimmung stark unterscheiden.","1","3","2","1","2","3","2","2","928","28.69","","","","","92.88","","72.57","","37.79","","93.57","","68.66","","104.47","","368.31","","","","61.06",""
"69","2021-12-09 22:44:34","9","de","1789707230","2021-12-09 22:31:37","2021-12-09 22:44:34","Externes Projekt","16TrA","Nein","5","4","5","2","5","1","5","7","5","4","4","5","3","6","3","6","5","2","5","4","3","4","3","1","2","1","4","1","5","4","2","5","4","3","4","4","4","2","4","4","5","5","4","4","5","positiv","neutral","neutral","neutral","positiv","negativ","positiv","negativ","neutral","neutral","positiv","neutral","neutral","positiv","neutral","positiv","negativ","negativ","positiv","negativ","neutral","neutral","neutral","neutral","neutral","positiv","neutral","negativ","positiv","positiv","Ja","Ja","Nein","","4","Nein","Ja","Nein","Nein","","1","1","2","1","3","3","2","3","781.47","82.64","","","","","110.91","","91.21","","92.71","","64.11","","152.1","","63.8","","69.21","","","","54.78",""
"70","2021-12-10 02:29:58","9","de","335233880","2021-12-10 01:57:21","2021-12-10 02:29:58","Internes Projekt","13PiA","Nein","5","5","4","7","5","2","3","4","6","5","2","4","2","2","3","5","4","3","3","3","4","4","1","1","2","4","4","4","4","1","2","2","5","4","3","1","1","2","4","3","4","2","3","3","2","positiv","neutral","neutral","negativ","positiv","negativ","positiv","neutral","negativ","neutral","neutral","neutral","positiv","neutral","neutral","positiv","neutral","negativ","negativ","negativ","neutral","neutral","neutral","negativ","neutral","positiv","negativ","negativ","neutral","neutral","Ja","Ja","Ja","ob die Kommentare konstruktiv und sachlich sind anstatt emotional und persönlich zu werden","4","Ja","Nein","Nein","Nein","unklarer Kontext der Äußerung (z.B. in welchem Verhältnis die Personen zueinander stehen)","2","1","1","1","2","3","3","4","1961.46","200.03","","","","","216.24","","132.05","","206.72","","243.53","","200.94","","163.29","","365.93","","","","232.73",""
"71","2021-12-10 08:52:40","9","de","50148533","2021-12-10 08:41:18","2021-12-10 08:52:40","Internes Projekt","13SaH","Nein","5","5","2","5","4","3","5","3","3","2","2","6","2","5","3","6","4","2","4","2","1","4","1","1","1","1","4","3","4","1","4","2","3","3","2","1","3","4","4","Nicht zutrffend","4","4","5","3","4","positiv","neutral","neutral","negativ","positiv","positiv","positiv","negativ","negativ","neutral","neutral","neutral","neutral","neutral","neutral","positiv","negativ","neutral","positiv","negativ","neutral","positiv","neutral","neutral","neutral","positiv","positiv","negativ","neutral","neutral","Ja","Ja","Nein","","4","Nein","Ja","Nein","Nein","","3","1","3","1","2","2","1","2","687.27","76.31","","","","","94.28","","58.67","","58.39","","60.53","","121.42","","65.86","","96.84","","","","54.97",""
"72","","6","de","67880203","2021-12-10 11:47:32","2021-12-10 12:06:07","Internes Projekt","25.01.1994olo","Nein","5","3","2","3","1","3","3","3","3","1","3","3","1","3","3","3","3","3","3","4","3","3","3","1","3","3","3","3","3","3","3","2","3","3","3","1","4","1","3","1","1","1","1","2","2","","","","","","","","","","","negativ","neutral","negativ","neutral","neutral","positiv","negativ","negativ","positiv","negativ","positiv","positiv","negativ","neutral","neutral","positiv","positiv","negativ","neutral","neutral","N/A","N/A","N/A","","","N/A","N/A","N/A","N/A","","","","","","","","","","1119.47","78.96","","","","","409.58","","245.84","","121.63","","","","136.57","","126.89","","","","","","",""
"73","2021-12-10 13:35:27","9","de","600539337","2021-12-10 13:26:58","2021-12-10 13:35:27","Internes Projekt","16MBKM","Nein","4","5","2","7","4","4","6","5","4","2","4","4","5","4","4","4","5","3","5","5","3","3","2","2","2","5","3","2","5","3","5","5","3","5","3","4","4","4","3","2","3","2","4","3","2","positiv","positiv","positiv","negativ","positiv","negativ","positiv","positiv","positiv","neutral","negativ","negativ","negativ","positiv","neutral","positiv","negativ","neutral","positiv","neutral","positiv","positiv","negativ","positiv","positiv","positiv","neutral","negativ","neutral","neutral","Ja","Ja","Nein","","3","Nein","Nein","Ja","Nein","","1","1","1","1","1","1","1","1","512.97","65.57","","","","","105.7","","61.59","","38.23","","35.3","","71.72","","52.67","","39.11","","","","43.08",""
"74","","0","de","1436738373","2021-12-10 14:50:51","2021-12-10 14:50:51","","","","","","","","","","","","","","","","","","","","","","","","","","","","","","","","","","","","","","","","","","","","","","","","","","","","","","","","","","","","","","","","","","","","","","","","","","","","","","","N/A","N/A","N/A","","","N/A","N/A","N/A","N/A","","","","","","","","","","0","","","","","","","","","","","","","","","","","","","","","","",""
"75","2021-12-11 15:40:00","9","de","2127476887","2021-12-11 15:22:13","2021-12-11 15:40:00","Externes Projekt","13DuI","Nein","4","4","5","2","5","1","6","2","4","4","3","6","2","5","4","7","4","4","5","4","1","3","2","1","1","4","3","4","4","4","3","5","4","4","4","2","2","2","2","Nicht zutrffend","Nicht zutrffend","3","1","1","2","positiv","neutral","neutral","negativ","positiv","negativ","neutral","negativ","neutral","negativ","neutral","neutral","neutral","neutral","neutral","positiv","neutral","negativ","positiv","negativ","negativ","positiv","neutral","neutral","neutral","positiv","positiv","neutral","neutral","neutral","Ja","Ja","Nein","Worte in denen ich bei der Ausprache einen Unterton vermute wie ""Hoffentlich wird das beim nächsten mal besser...""","4","Ja","Nein","Ja","Nein","","1","2","1","1","5","5","4","4","1072","113.77","","","","","163.64","","163.55","","95.49","","142.72","","102.18","","96.06","","133.9","","","","60.69",""
"76","2021-12-15 13:10:08","9","de","251399444","2021-12-15 13:01:06","2021-12-15 13:10:08","Externes Projekt","23MiK","Nein","4","4","3","4","2","3","4","4","2","2","3","2","1","5","2","4","5","1","3","2","2","4","1","1","1","3","2","2","3","1","3","1","4","4","2","1","3","5","4","3","5","3","5","4","4","positiv","negativ","neutral","negativ","positiv","negativ","positiv","neutral","negativ","neutral","neutral","negativ","neutral","neutral","neutral","positiv","neutral","negativ","positiv","neutral","negativ","neutral","negativ","negativ","positiv","positiv","negativ","negativ","neutral","neutral","Ja","Nein","Nein","","2","Ja","Nein","Nein","Nein","","2","1","2","1","2","2","2","2","547.35","71.07","","","","","93.31","","61.94","","33.9","","58.35","","83.8","","76.98","","34","","","","34",""
"77","2021-12-15 18:30:35","9","de","382718785","2021-12-15 18:19:12","2021-12-15 18:30:35","Internes Projekt","26TaU","Nein","1","7","2","3","3","3","7","3","3","4","1","5","1","6","1","6","5","4","5","3","5","5","2","1","4","4","5","3","5","1","3","1","5","5","2","1","5","5","1","Nicht zutrffend","5","4","4","2","1","negativ","neutral","neutral","neutral","positiv","negativ","positiv","negativ","negativ","neutral","positiv","neutral","neutral","neutral","neutral","positiv","positiv","negativ","positiv","negativ","neutral","neutral","neutral","neutral","positiv","positiv","negativ","negativ","neutral","neutral","Ja","Ja","Nein","(Legitime) Fragen habe ich als neutral wahrgenommen..","5","Nein","Nein","Nein","Ja","","5","5","2","1","3","4","2","3","688.28","67.48","","","","","98.96","","64.73","","34.46","","108.82","","79.78","","82.17","","92.75","","","","59.13",""
"78","2021-12-16 19:24:47","9","de","669776761","2021-12-16 19:15:04","2021-12-16 19:24:47","Externes Projekt","30NgV","Nein","3","4","3","4","4","5","5","4","3","4","5","4","3","5","6","4","3","3","3","3","1","4","3","3","3","3","3","3","4","2","4","4","3","4","4","3","3","4","4","2","4","3","3","3","3","neutral","neutral","neutral","neutral","neutral","neutral","neutral","neutral","neutral","neutral","neutral","neutral","neutral","neutral","neutral","neutral","neutral","neutral","neutral","neutral","neutral","neutral","neutral","neutral","neutral","neutral","negativ","neutral","neutral","neutral","Nein","Ja","Nein","","3","Nein","Nein","Ja","Nein","","3","3","3","4","4","5","4","2","327.59","139.19","","","","","38.69","","54.96","","19.9","","19.92","","18.3","","12.23","","15.34","","","","9.06",""
"79","2021-12-22 16:27:56","9","de","1619544907","2021-12-22 16:19:33","2021-12-22 16:27:56","Internes Projekt","07NaW","Nein","4","3","3","3","6","2","3","6","5","3","4","4","2","4","1","4","1","4","1","3","2","2","3","1","2","3","4","3","3","2","1","3","4","2","3","2","4","3","2","5","1","5","3","3","4","positiv","neutral","neutral","negativ","neutral","negativ","positiv","neutral","positiv","neutral","neutral","neutral","neutral","neutral","neutral","neutral","neutral","neutral","positiv","neutral","positiv","neutral","neutral","neutral","neutral","neutral","negativ","neutral","neutral","neutral","Nein","Nein","Ja","","3","Nein","Nein","Nein","Nein","sehr generell gehalten","2","1","2","1","1","3","2","3","507.29","39","","","","","67.76","","69.65","","41.18","","43.63","","62.6","","93.71","","49.61","","","","40.15",""
"80","","2","de","1438777047","2021-12-22 16:51:46","2021-12-22 17:00:42","Internes Projekt","19TBL","Nein","4","4","3","4","4","4","6","2","1","1","2","6","3","7","2","7","","","","","","","","","","","","","","","","","","","","","","","","","","","","","","","","","","","","","","","","","","","","","","","","","","","","","","","","","","","","N/A","N/A","N/A","","","N/A","N/A","N/A","N/A","","","","","","","","","","536.3","442.66","","","","","93.64","","","","","","","","","","","","","","","","",""
"81","","0","de","1235198419","2021-12-22 16:52:46","2021-12-22 16:52:46","","","","","","","","","","","","","","","","","","","","","","","","","","","","","","","","","","","","","","","","","","","","","","","","","","","","","","","","","","","","","","","","","","","","","","","","","","","","","","","N/A","N/A","N/A","","","N/A","N/A","N/A","N/A","","","","","","","","","","0","","","","","","","","","","","","","","","","","","","","","","",""
"82","2021-12-22 17:27:18","9","de","310118265","2021-12-22 16:54:02","2021-12-22 17:27:18","Internes Projekt","28JuD","Nein","4","3","5","4","3","4","4","4","5","2","4","3","5","3","4","4","1","3","4","3","3","3","4","2","3","3","2","3","3","4","3","5","3","2","5","3","4","2","2","1","3","4","2","3","2","positiv","neutral","negativ","negativ","positiv","negativ","positiv","negativ","neutral","negativ","positiv","neutral","positiv","positiv","neutral","positiv","neutral","positiv","positiv","negativ","neutral","positiv","neutral","negativ","neutral","positiv","positiv","negativ","positiv","positiv","Ja","Ja","Ja","","4","Nein","Nein","Nein","Ja","","4","2","4","1","3","5","5","3","1974.27","82.9","","","","","297.53","","373.11","","49.97","","66.82","","204.43","","34.6","","799.28","","","","65.63",""
"83","2021-12-29 18:21:10","9","de","1541128416","2021-12-29 18:04:36","2021-12-29 18:21:10","Externes Projekt","20SÜB","Nein","5","3","3","4","5","3","4","2","4","1","5","3","2","3","2","3","2","2","4","4","2","2","1","1","1","4","3","4","2","3","4","2","3","2","5","1","5","3","4","Nicht zutrffend","5","5","5","4","4","positiv","neutral","neutral","negativ","positiv","positiv","positiv","negativ","positiv","neutral","neutral","neutral","neutral","neutral","neutral","positiv","neutral","neutral","positiv","negativ","positiv","positiv","neutral","negativ","neutral","positiv","positiv","negativ","neutral","positiv","Ja","Ja","Ja","","3","Ja","Nein","Nein","Nein","","1","1","1","1","3","3","2","2","997.4","63.95","","","","","231.24","","104.83","","63.09","","197.53","","163.21","","82.21","","41.13","","","","50.21",""
"84","","0","de","403638373","2022-01-03 23:40:59","2022-01-03 23:41:06","","","","","","","","","","","","","","","","","","","","","","","","","","","","","","","","","","","","","","","","","","","","","","","","","","","","","","","","","","","","","","","","","","","","","","","","","","","","","","","N/A","N/A","N/A","","","N/A","N/A","N/A","N/A","","","","","","","","","","7.81","7.81","","","","","","","","","","","","","","","","","","","","","",""

